{"loss": [0.780478835105896, 0.7530649900436401, 0.7234881520271301, 0.7552514672279358, 0.7136840224266052, 0.6251446604728699, 0.6851490139961243, 0.6552417874336243, 0.6483237743377686, 0.6043605208396912, 0.5478896498680115, 0.5849120020866394, 0.5365715026855469, 0.5633919835090637, 0.5440511703491211, 0.5435839295387268, 0.4896296560764313, 0.5086402893066406, 0.6099722385406494, 0.43774011731147766, 0.4533880650997162, 0.5094302296638489, 0.38192567229270935, 0.3519041836261749, 0.33459022641181946, 0.37137991189956665, 0.42212894558906555, 0.3232055902481079, 0.35312485694885254, 0.371213436126709, 0.37285909056663513, 0.33800995349884033], "accuracy": [0.780738353729248, 0.7861958146095276, 0.7980738282203674, 0.7919743061065674, 0.7974317669868469, 0.8215088248252869, 0.8112359642982483, 0.8231139779090881, 0.8170144557952881, 0.8314606547355652, 0.8452648520469666, 0.8417335748672485, 0.8443017601966858, 0.8545746207237244, 0.8507223129272461, 0.8542535901069641, 0.867415726184845, 0.8696629405021667, 0.8365970849990845, 0.8786516785621643, 0.8815409541130066, 0.8677367568016052, 0.8927769064903259, 0.8982343673706055, 0.9020866751670837, 0.901123583316803, 0.8905296921730042, 0.9081861972808838, 0.907223105430603, 0.8985553979873657, 0.8966292142868042, 0.907223105430603], "val_loss": [1.1554721593856812, 1.0117313861846924, 1.0751452445983887, 0.97528076171875, 1.0447157621383667, 1.1698988676071167, 1.0800169706344604, 1.1220290660858154, 1.090912103652954, 0.8844966292381287, 0.8569316864013672, 1.0125261545181274, 1.0433685779571533, 0.8482280969619751, 0.7983105182647705, 0.7845146059989929, 0.8736435770988464, 0.9273543357849121, 0.8511604070663452, 0.9410273432731628, 1.2249516248703003, 0.9681385159492493, 1.0119777917861938, 0.8522337079048157, 1.0399610996246338, 1.0662472248077393, 0.8286898732185364, 0.908004105091095, 1.1297911405563354, 0.9669742584228516, 0.8888700008392334, 1.0538932085037231], "val_accuracy": [0.811965823173523, 0.8233618140220642, 0.8062677979469299, 0.8376068472862244, 0.8176637887954712, 0.8005697727203369, 0.809116780757904, 0.8347578644752502, 0.8490028381347656, 0.874643862247467, 0.8917378783226013, 0.8660968542098999, 0.8803418874740601, 0.8888888955116272, 0.9088318943977356, 0.9173789024353027, 0.8945869207382202, 0.8860399127006531, 0.9173789024353027, 0.9230769276618958, 0.8774929046630859, 0.8945869207382202, 0.9259259104728699, 0.9287749528884888, 0.9259259104728699, 0.9173789024353027, 0.9259259104728699, 0.9002848863601685, 0.9173789024353027, 0.9202279448509216, 0.9173789024353027, 0.8945869207382202]}